chr	start	end	name	activity	ATAC	H3K27ac	ATAC_quality	H3K27ac_quality	TargetGene	TargetGeneEnsemblID	TargetGeneTSS	TargetGeneStrand	distance	enhancer_mid	tss_weight	tss_quality	catalogue_quality	class	contact_prior	contact_source	contact_observed	contact_expected	contact_reliability
1	0	100	e1	1.0	3.0	0.0	1.0	1.0	G1	g1	10000	+	9950	50	0.5	0.9	0.8	distal	0.00031577484658719363	matched	2.0	1.0	0.8
1	0	100	e1	1.0	3.0	0.0	1.0	1.0	G1	g1	10500	+	10450	50	0.5	0.9	0.8	distal	0.0003053120445527891	matched	2.0	1.0	0.8
1	0	100	e1	1.0	3.0	0.0	1.0	1.0	G2	g2	20000	+	19950	50	1.0			distal	0.00018687740532323662	matched	2.0	1.0	0.8
1	1000	1100	e2	1.0	8.0		0.5		G1	g1	10000	+	8950	1050	0.5	0.9	0.8	distal	0.0003389793948111487	distance_prior			
1	1000	1100	e2	1.0	8.0		0.5		G1	g1	10500	+	9450	1050	0.5	0.9	0.8	distal	0.0003269707954489837	distance_prior			
1	1000	1100	e2	1.0	8.0		0.5		G2	g2	20000	+	18950	1050	1.0			distal	0.00019487333948080144	distance_prior			
1	2000	2100	e3						G1	g1	10000	+	7950	2050	0.5	0.9	0.8	distal	0.00036581436375461584	matched	2.0	1.0	0.8
1	2000	2100	e3						G1	g1	10500	+	8450	2050	0.5	0.9	0.8	distal	0.0003518920472973532	matched	2.0	1.0	0.8
1	2000	2100	e3						G2	g2	20000	+	17950	2050	1.0			distal	0.0002035748967444318	matched	2.0	1.0	0.8
